{
  "exposure": {
    "med_before": 100.0,
    "gamma_used": -356673.69373439456
  },
  "sharpness_tenengrad": 152.76336669921875
}